case_id,run_id,split_group,ground_truth_label,reviewer_slot,reviewer_id,recognition_label_match,event_timestamps_hit_within_tolerance,event_timestamp_mae_s,citation_frame_id_exists,citation_supports_observation,hallucinated_fact,hallucinated_number_or_angle,medical_or_diagnostic_claim,advice_specificity_1to5,advice_safe_boundary_1to5,advice_actionable_1to5,score_available_correct,notes
u-squat-t01-c17,,S1,squat,A,,,,,,,,,,,,,,,
u-squat-t01-c17,,S1,squat,B,,,,,,,,,,,,,,,
u-pushup-t02-c18,,S1,pushup,A,,,,,,,,,,,,,,,
u-pushup-t02-c18,,S1,pushup,B,,,,,,,,,,,,,,,
u-lunge-t04-c17,,S1,lunge,A,,,,,,,,,,,,,,,
u-lunge-t04-c17,,S1,lunge,B,,,,,,,,,,,,,,,
u-legabd-t06-c18,,S1,leg_abduction,A,,,,,,,,,,,,,,,
u-legabd-t06-c18,,S1,leg_abduction,B,,,,,,,,,,,,,,,
u-armabd-t08-c17,,S1,arm_abduction,A,,,,,,,,,,,,,,,
u-armabd-t08-c17,,S1,arm_abduction,B,,,,,,,,,,,,,,,
u-armvw-t09-c18,,S1,arm_vw,A,,,,,,,,,,,,,,,
u-armvw-t09-c18,,S1,arm_vw,B,,,,,,,,,,,,,,,
u-jumpingjack-t07,,S2,jumping_jacks,A,,,,,,,,,,,,,,,
u-jumpingjack-t07,,S2,jumping_jacks,B,,,,,,,,,,,,,,,
u-unseen-throwingaxe-t12,,S3,__out_of_set__,A,,,,,,,,,,,,,,,
u-unseen-throwingaxe-t12,,S3,__out_of_set__,B,,,,,,,,,,,,,,,
u-noneat-walking-t03,,S4,__non_exercise__,A,,,,,,,,,,,,,,,
u-noneat-walking-t03,,S4,__non_exercise__,B,,,,,,,,,,,,,,,
u-pushup-t05-dark,,S5,pushup,A,,,,,,,,,,,,,,,
u-pushup-t05-dark,,S5,pushup,B,,,,,,,,,,,,,,,
